#
# More information at
#  http://tracker.ceph.com/projects/ceph/wiki/Ceph_contributors_list_maintenance_guide
#
# See .mailmap for name and mail normalization.
# See .organizationmap for organization affiliation
# See .peoplemap for unique list of people
#
#
ajarr Ramana Raja <rraja@redhat.com>
amitkumar50 Amit Kumar <amitkuma@redhat.com>
athanatos Samuel Just <sjust@redhat.com>
badone Brad Hubbard <bhubbard@redhat.com>
bassamtabbara Bassam Tabbara <bassam.tabbara@quantum.com>
batrick Patrick Donnelly <pdonnell@redhat.com>
branch-predictor Piotr Dałek <piotr.dalek@corp.ovh.com>
cbodley Casey Bodley <cbodley@redhat.com>
chhabaramesh Ramesh Chander <Ramesh.Chander@sandisk.com>
dragonylffly Li Wang <laurence.liwang@gmail.com>
dvanders Dan van der Ster <daniel.vanderster@cern.ch>
dzafman David Zafman <dzafman@redhat.com>
fullerdj Douglas Fuller <dfuller@redhat.com>
gregsfortytwo Gregory Farnum <gfarnum@redhat.com>
ifed01 Igor Fedotov <ifedotov@suse.com>
ivancich J. Eric Ivancich <ivancich@redhat.com>
jcsp John Spray <john.spray@redhat.com>
jlayton Jeff Layton <jlayton@redhat.com>
joscollin Jos Collin <jcollin@redhat.com>
ktdreyer Ken Dreyer <kdreyer@redhat.com>
leseb Sébastien Han <seb@redhat.com>
liewegas Sage Weil <sage@redhat.com>
liupan1111 Pan Liu <liupan1111@gmail.com>
majianpeng Jianpeng Ma <jianpeng.ma@intel.com>
markhpc Mark Nelson <mnelson@redhat.com>
oritwas Orit Wasserman <owasserm@redhat.com>
rchagam Anjaneya Chagam <anjaneya.chagam@intel.com>
renhwztetecs huanwen ren <ren.huanwen@zte.com.cn>
smithfarm Nathan Cutler <ncutler@suse.com>
tchaikov Kefu Chai <kchai@redhat.com>
theanalyst Abhishek Lekshmanan <abhishek.lekshmanan@gmail.com>
trociny Mykola Golub <mgolub@suse.com>
ukernel Zheng Yan <zyan@redhat.com>
vasukulkarni Vasu Kulkarni <vasu@redhat.com>
vuhuong Vu Pham <vuhuong@mellanox.com>
wjwithagen Willem Jan Withagen <wjw@digiware.nl>
xiexingguo xie xingguo <xie.xingguo@zte.com.cn>
yangdongsheng Dongsheng Yang <dongsheng.yang@easystack.cn>
yehudasa Yehuda Sadeh <yehuda@redhat.com>
yuyuyu101 Haomai Wang <haomai@xsky.com>
jtlayton Jeff Layton <jlayton@redhat.com>
yuriw Yuri Weinstein <yweins@redhat.com>
jecluis João Eduardo Luís <joao@suse.de>
yunfeiguan Yunfei Guan <yunfei.guan@xtaotech.com>
LenzGr Lenz Grimmer <lgrimmer@suse.com>
taodd dongdong tao <tdd21151186@gmail.com>
rzarzynski Radoslaw Zarzynski <rzarzyns@redhat.com>
chardan Jesse Williamson <jwilliamson@suse.de>
jdurgin Josh Durgin <jdurgin@redhat.com>
jan--f Jan Fajerski <jfajerski@suse.com>
idryomov Ilya Dryomov <idryomov@redhat.com>
